id,origin_cohort,count,label,micro_membership,injured_count,start_xy_m,start_source,end_xy_m,knowledge_at_90,barrier_knowledge_at_90,barrier_knowledge_at_105,barrier_evidence,emotion,intent,destination_intent,movement_start_s,movement_stop_s,distance_m,mean_plan_speed_m_s,companions,people_left_behind,help_target,concentration_id,potential_bone_stimulus,heads_toward_boundary,approaches_witch,seeks_mayor,final_outcome
R01,P01,3,Long-field crew at barn gate,{},0,"[5.8, -61.8]",T1 N08 end +37,"[5.8, -61.8]",Received the orchard warning at the barn gate; has not directly seen an attacker.,B1,B1,Saw the enclosure from this outdoor position as it formed/darkened; no physical properties tested.,Alarmed; urgent but locally informed,FREEZE / DELAY,Stop and compare the farm warning before choosing an exit.,,,0.0,0,Existing subgroup only; no unnamed additions.,Other original-cohort subgroups remain in their separately recorded positions.,,G03,,False,False,False,
R02,P01,2,Middle-strip workers,{},0,"[30, -39]",REFINEMENT within assigned MiddleStripField; not the old cohort anchor,"[23, -38.5]","Heard the relayed lower warning; sees the enclosure and darkness, not a proven impassable surface.",B1,B1,Saw the enclosure from this outdoor position as it formed/darkened; no physical properties tested.,Alarmed; urgent but locally informed,ESCAPE,"Start west toward the field access, intending the known lower road.",95,105,7.018,0.702,Existing subgroup only; no unnamed additions.,Other original-cohort subgroups remain in their separately recorded positions.,,,,True,False,False,
R03,P01,1,Orchard warning bearer,{},0,"[9.2, -36.3]",T1 R02 end +25,"[9.2, -36.9]",Saw the first aftermath/recoiling workers; already relayed danger here. Does not track Bone after that.,B1,B1,Saw the enclosure from this outdoor position as it formed/darkened; no physical properties tested.,Alarmed; urgent but locally informed,HELP,Call into the eastern farmhouse from the yard edge.,95,105,0.6,0.06,Existing subgroup only; no unnamed additions.,Other original-cohort subgroups remain in their separately recorded positions.,"R07 household, voice at adjacent frontage",,"A local warning call, distant and building-masked from Bone.",False,False,False,
R04,P02,2,Remaining western field workers,{},0,"[-36, -62]",REFINEMENT within assigned SouthLongField; the two who did not take N09,"[-43, -62]",Distant lower calls and visible western sheet; no attack witnessed here.,B1,B1,Saw the enclosure from this outdoor position as it formed/darkened; no physical properties tested.,Alarmed; urgent but locally informed,ESCAPE,Begin toward the field-side track and familiar woodland margin.,95,105,7.0,0.7,Existing subgroup only; no unnamed additions.,Other original-cohort subgroups remain in their separately recorded positions.,,,,True,False,False,
R05,P02,2,Field workers at western storage,{},0,"[-25.4, -51.3]",T1 N09 end +30,"[-25.4, -51.3]","Knows danger from lower calls/crash, not the attackers location.",B1,B1,Saw the enclosure from this outdoor position as it formed/darkened; no physical properties tested.,Frightened; seeking familiar protection,SEEK SHELTER,"Stay against the barn-side access, intending its immediate storage cover.",,,0.0,0,Existing subgroup only; no unnamed additions.,Other original-cohort subgroups remain in their separately recorded positions.,,G04,,False,False,False,
R06,P02,2,Returning pasture keepers,"{""M02"": 1}",0,"[-19.2, -59.6]","T1 N10 and N11 share end (-19.2,-59.6)","[-14.006635017021702, -65.16220399760476]",Received lower warning and saw the sheet; testing a familiar way still seems possible.,B1,B1,Saw the enclosure from this outdoor position as it formed/darkened; no physical properties tested.,Alarmed; urgent but locally informed,ESCAPE,Retrace the familiar pasture access toward the lower clearing.,95,105,8.0,0.8,Existing subgroup only; no unnamed additions.,Other original-cohort subgroups remain in their separately recorded positions.,,,,True,False,False,
R07,P03,3,Eastern farmhouse occupants,{},0,"[10.71373756750713, -44.81520992321123]",REFINEMENT within the assigned farmhouse interior,"[10.71373756750713, -44.81520992321123]",Earlier orchard warning reached the household; now windows have gone dark. No direct monster sight.,B0,B0,"Only abnormal window light, panic sounds and incomplete nearby warnings; no clear enclosing-rim view is established.",Frightened; seeking familiar protection,SEEK SHELTER,Keep the household together inside; respond to the warning at the frontage.,,,0.0,0,Existing subgroup only; no unnamed additions.,Other original-cohort subgroups remain in their separately recorded positions.,,,,False,False,False,
R08,P03,2,Eastern barn-side workers,{},0,"[17, -61.5]","REFINEMENT existing NorthBarn south service apron, subset of four yard workers","[8, -61.5]",Received orchard warning; the nearby stopped crew is visible across the apron.,B1,B1,Saw the enclosure from this outdoor position as it formed/darkened; no physical properties tested.,Alarmed; urgent but locally informed,HELP,Move around the barn south edge to ask the stopped crew what is happening.,95,105,9.0,0.9,Existing subgroup only; no unnamed additions.,Other original-cohort subgroups remain in their separately recorded positions.,R01; exchange local warning,G03,,False,False,False,
R09,P03,2,Eastern domestic yard pair,{},0,"[17.4, -45]","REFINEMENT east farmhouse yard, remaining two yard occupants","[17.4, -45]",Knows the orchard report; darkness reinforces danger. No remote event detail.,B1,B1,Saw the enclosure from this outdoor position as it formed/darkened; no physical properties tested.,Alarmed; urgent but locally informed,SEEK FAMILY,Stay at the nearby house side and call to occupants; intend to enter together.,,,0.0,0,Existing subgroup only; no unnamed additions.,Other original-cohort subgroups remain in their separately recorded positions.,,,,False,False,False,
R10,P04,3,Western farmhouse occupants,{},0,"[-20.004663250524004, -42.889977263076325]",REFINEMENT within assigned farmhouse interior,"[-20.004663250524004, -42.889977263076325]",Blackout and partial calls through the yard; no direct attack view.,B0,B0,"Only abnormal window light, panic sounds and incomplete nearby warnings; no clear enclosing-rim view is established.",Frightened; seeking familiar protection,SEEK SHELTER,Hold inside as a household; no trip begins.,,,0.0,0,Existing subgroup only; no unnamed additions.,Other original-cohort subgroups remain in their separately recorded positions.,,,,False,False,False,
R11,P04,2,Barn storage pair M03,"{""M03"": 2}",0,"[-24.7, -59.8]",T0 M03 unchanged by T1 / Step2B,"[-24.7, -59.8]",Lower warning/crash heard; no clear view of the forge or centre.,B1,B1,Saw the enclosure from this outdoor position as it formed/darkened; no physical properties tested.,Frightened; seeking familiar protection,SEEK SHELTER,Turn attention to immediate barn cover; remain at storage apron.,,,0.0,0,Existing subgroup only; no unnamed additions.,Other original-cohort subgroups remain in their separately recorded positions.,,,,False,False,False,
R12,P04,1,Western yard worker,{},0,"[-27, -48]",REFINEMENT western farmyard outside farmhouse; remaining yard worker,"[-27, -51]",Recognizes the two known workers at the adjacent west storage access; sees no attacker.,B1,B1,Saw the enclosure from this outdoor position as it formed/darkened; no physical properties tested.,Alarmed; urgent but locally informed,FOLLOW OTHERS,Begin toward the nearby storage workers rather than choose an unknown exit.,95,105,3.0,0.3,Begins joining R05 only; M03 remains farther south.,Other original-cohort subgroups remain in their separately recorded positions.,,G04,,False,False,False,
R13,P05,4,Surviving handcart-stream witnesses,{},0,"[-1.5262873000506019, -19.2598640571334]",T1 R01 recoil end +12; M01 excluded as two prior fatalities,"[-4.0673629878152795, -36.055647171891955]",Personally witnessed the first attacks; does not know Bone current location.,B1,B1,Saw the enclosure from this outdoor position as it formed/darkened; no physical properties tested.,Alarmed; urgent but locally informed,ESCAPE,"Begin downhill on the known approach road, away from the first violence.",93,105,17.0,1.417,Existing subgroup only; no unnamed additions.,Other original-cohort subgroups remain in their separately recorded positions.,,,Four people begin running on the lower approach; remote/occluded from Bone.,True,False,False,
R14,P06,2,M05 parent and child,"{""M05"": 2}",0,"[-34.3, 9.2]",Step2B O_M05 end +32; exact +90 attention target,"[-34.3, 9.2]",Directly knows Bone is watching from the west and cover is compromised. Does not know a safe escape or his full capabilities.,B0,B0,Fixated on the nearby tormentor and darkness; a deliberate scan identifying the whole enclosure is not established.,Immediate terror; protective immobility,FREEZE / DELAY,Parent covers the child and stays low at the coop corner; no dash through the narrow frontage.,,,0.0,0,Existing subgroup only; no unnamed additions.,Other original-cohort subgroups remain in their separately recorded positions.,,,"S01: close protective gesture / concealed pair, still Bone current attention.",False,False,False,
R15,P06,3,Warned lower family household,{},0,"[-27.418755248485926, 5.268819614788562]",REFINEMENT three occupants already warned by M05 in own household at +13,"[-27.418755248485926, 5.268819614788562]",Heard M05 warning; does not see their west coop position or know Bone current position.,B0,B0,"Only abnormal window light, panic sounds and incomplete nearby warnings; no clear enclosing-rim view is established.",Alarmed; urgent but locally informed,SEEK FAMILY,"Call for the parent and child from inside; begin checking the near window, without exiting.",,,0.0,0,Existing subgroup only; no unnamed additions.,Other original-cohort subgroups remain in their separately recorded positions.,,,"S02: family calls from Cottage_04, close but wall-masked.",False,False,False,
R16,P06,3,Lower eastern interior household,{},0,"[15.453649110207552, 13.178053791298524]",REFINEMENT three of five other lower indoor occupants,"[15.453649110207552, 13.178053791298524]","Only partial lower warnings, public crash and fading windows.",B0,B0,"Only abnormal window light, panic sounds and incomplete nearby warnings; no clear enclosing-rim view is established.",Frightened; seeking familiar protection,SEEK SHELTER,Remain inside together and prepare to close the door; crossing not staged.,,,0.0,0,Existing subgroup only; no unnamed additions.,Other original-cohort subgroups remain in their separately recorded positions.,,,,False,False,False,
R17,P06,2,Lower roadside interior pair,{},0,"[-9.624845430574828, 26.772424530943187]",REFINEMENT remaining two of five other lower indoor occupants,"[-9.624845430574828, 26.772424530943187]",Cries are nearby but windows/roof do not provide current monster tracking.,B0,B0,"Only abnormal window light, panic sounds and incomplete nearby warnings; no clear enclosing-rim view is established.",Frightened; seeking familiar protection,SEEK SHELTER,Hold inside; listen before going into the street.,,,0.0,0,Existing subgroup only; no unnamed additions.,Other original-cohort subgroups remain in their separately recorded positions.,,,,False,False,False,
R18,P06,2,NeedleHouse yard pair,{},0,"[-2, 13.5]",REFINEMENT two of four domestic yard occupants at NeedleHouse frontage,"[-2, 13.5]",Heard the original lower warning and later crash; attacker location unknown.,B1,B1,Saw the enclosure from this outdoor position as it formed/darkened; no physical properties tested.,Alarmed; urgent but locally informed,SEEK FAMILY,Call home from the frontage and keep together; no completed entry.,,,0.0,0,Existing subgroup only; no unnamed additions.,Other original-cohort subgroups remain in their separately recorded positions.,,,,False,False,False,
R19,P06,2,Lower eastern yard pair,{},0,"[23, 10]",REFINEMENT remaining two domestic yard occupants east of CollapsedCellarCottage,"[23, 6]",Lower danger calls; believes the familiar gate may still offer a way. Does not know barrier solidity.,B1,B1,Saw the enclosure from this outdoor position as it formed/darkened; no physical properties tested.,Alarmed; urgent but locally informed,ESCAPE,Begin edging south along their own house side toward the gate-side lane; pause before that junction.,95,105,4.0,0.4,Existing subgroup only; no unnamed additions.,Other original-cohort subgroups remain in their separately recorded positions.,,,A small household pair moves at the distant lower east frontage.,True,False,False,
R20,P07,2,M07 smith and apprentice,"{""M07"": 2}",0,"[-39.5, 11.7]",T0 M07 worktable anchor unchanged; roof-covered open work area,"[-39.5, 11.7]",Heard public crash and danger calls; building hid the assistant interception and current Bone position.,B1,B1,Earlier view of the western forming sheet from the open work frontage; not a contact test.,Frightened; seeking familiar protection,SEEK SHELTER,"Remain in the covered work area, intending to draw inward and close workshop access.",,,0.0,0,Existing subgroup only; no unnamed additions.,Other original-cohort subgroups remain in their separately recorded positions.,,,S03: nearby workshop voices / attempted closure intent; no new door slam is asserted.,False,False,False,
R21,P07,1,Forge customer,{},0,"[-26, 27.5]","REFINEMENT existing east/north forge apron; surviving customer, not assistant","[-25, 22]",Heard the strike/warnings but did not see the assistant die behind the forge.,B1,B1,Saw the enclosure from this outdoor position as it formed/darkened; no physical properties tested.,Alarmed; urgent but locally informed,SEEK FAMILY,Begin down the east work apron toward the familiar lower road; the home destination remains unspecified.,95,105,5.59,0.559,Existing subgroup only; no unnamed additions.,Other original-cohort subgroups remain in their separately recorded positions.,,,"S04: movement along the forge east apron, occluded from Bone at present.",False,False,False,
R22,P08,2,Two non-ambulant stall casualties,{},2,"[2, 50]",REFINEMENT two of four approved injured stall users inside the first-strike envelope,"[2, 50]",Direct victims of Blood first strike; no ability to assess distant events.,B0,B0,Pain and floor-level attention; no clear enclosure identification.,"Pain, shock, dependence on helpers",HELP,Signal for help; remain in the immediate strike area because they cannot stand.,,,0.0,0,Existing subgroup only; no unnamed additions.,Other original-cohort subgroups remain in their separately recorded positions.,Receives R26 and R34 assistance,G01,,False,False,False,
R23,P08,1,Stall casualty needing one helper,{},1,"[4.5, 50.5]",REFINEMENT third injured stall user inside approved strike envelope,"[6, 52.5]","Direct victim; danger is immediate, but unaided running is impossible.",B0,B0,"Attends to injury and nearby hands, not a sky survey.",Pain and urgency; unstable walking,HELP,Accept support and begin a few metres toward the eastern junction edge.,100,105,2.5,0.5,Existing subgroup only; no unnamed additions.,Other original-cohort subgroups remain in their separately recorded positions.,Receives R27 support during matched movement,G01,,False,False,False,
R24,P08,1,Weight-bearing but limping casualty,{},1,"[-5.8, 48.5]",REFINEMENT fourth injured stall user inside approved strike envelope,"[-7.8, 51.5]","Direct victim; can bear weight slowly, cannot run.",B0,B0,Pain-focused; no confirmed enclosure identification.,Shock with limited independent mobility,HELP,Hobble a few metres toward the west edge with a nearby escort.,99,105,3.606,0.601,Existing subgroup only; no unnamed additions.,Other original-cohort subgroups remain in their separately recorded positions.,Receives R28 escort,G02,,False,False,False,
R25,P08,1,Westward warning neighbour,{},0,"[-11.0, 52.0]",T1 R03 end +60; one of six talking neighbours,"[-11.0, 52.0]","Direct witness to Blood strike, not Bone location.",B1,B1,Saw the enclosure from this outdoor position as it formed/darkened; no physical properties tested.,Alarmed; urgent but locally informed,HELP,Remain at the west frontage calling nearby people away from the well.,,,0.0,0,Existing subgroup only; no unnamed additions.,Other original-cohort subgroups remain in their separately recorded positions.,Audible warning within this immediate junction only,,,False,False,False,
R26,P08,2,Neighbours kneeling to help,{},0,"[6, 53]",REFINEMENT two of remaining five talking neighbours on junction north/east margin,"[3.5, 51]",Direct view of injured neighbours and the public strike.,B1,B1,Saw the enclosure from this outdoor position as it formed/darkened; no physical properties tested.,Alarmed; urgent but locally informed,HELP,"Approach the two people unable to stand; begin assessing how to lift them, without a completed carry.",95,105,3.202,0.32,Existing subgroup only; no unnamed additions.,Other original-cohort subgroups remain in their separately recorded positions.,R22 two non-ambulant people; one nearby helper per patient initially,G01,,False,False,False,
R27,P08,1,Neighbour supporting a casualty,{},0,"[7, 50.5]",REFINEMENT third of remaining talking neighbours at east junction edge,"[6.6, 52.5]",Direct witness and close enough to offer an arm.,B1,B1,Saw the enclosure from this outdoor position as it formed/darkened; no physical properties tested.,Alarmed; urgent but locally informed,HELP,"Reach the injured stall user, then support the same short eastward movement.",95,105,5.4,0.54,Existing subgroup only; no unnamed additions.,Other original-cohort subgroups remain in their separately recorded positions.,"R23; reaches patient by +99, accompanies the +100–105 supported move.",G01,,False,False,False,
R28,P08,1,Neighbour escorting limping casualty,{},0,"[-8, 53]","REFINEMENT fourth of remaining talking neighbours, west margin","[-8.4, 52]",Can see injury and immediate strike area; has no wider plan.,B1,B1,Saw the enclosure from this outdoor position as it formed/darkened; no physical properties tested.,Alarmed; urgent but locally informed,HELP,Reach the limping person and accompany only a few metres.,92,105,9.369,0.721,Existing subgroup only; no unnamed additions.,Other original-cohort subgroups remain in their separately recorded positions.,R24; reaches patient before +99,G02,,False,False,False,
R29,P08,1,Overwhelmed junction neighbour,{},0,"[-11, 53]",REFINEMENT last talking neighbour; outside cottage roof,"[-11, 53]",Direct/near view of first strike and wounded; no remote knowledge.,B1,B1,Saw the enclosure from this outdoor position as it formed/darkened; no physical properties tested.,"Overwhelmed, indecisive",FREEZE / DELAY,"Remain by the west frontage, unable to choose between home and those calling for help.",,,0.0,0,Existing subgroup only; no unnamed additions.,Other original-cohort subgroups remain in their separately recorded positions.,,,,False,False,False,
R30,P08,3,Centre passers seeking guards,{},0,"[9, 49]",REFINEMENT three of seven passers still at centre core after N03 departed,"[20.72192433549336, 51.68400627511597]","Saw/heard the public attack; expects ordinary guards to help, not supernatural safety.",B1,B1,Saw the enclosure from this outdoor position as it formed/darkened; no physical properties tested.,Alarmed; urgent but locally informed,SEEK AUTHORITY,Begin east/uphill on the main road toward the Mayor guards.,95,105,12.895,1.289,Existing subgroup only; no unnamed additions.,Other original-cohort subgroups remain in their separately recorded positions.,,G06,"A small uphill running stream, distant from Bone.",False,False,True,
R31,P08,2,Centre residents seeking home,{},0,"[-10, 43]",REFINEMENT two further core passers at west/south junction margin,"[-22, 41.5]",Direct local attack recognition; no knowledge that Bone has moved back south.,B1,B1,Saw the enclosure from this outdoor position as it formed/darkened; no physical properties tested.,Alarmed; urgent but locally informed,SEEK FAMILY,"Begin along the west lane toward their own household area, avoiding the exposed well.",95,105,12.345,1.235,Existing subgroup only; no unnamed additions.,Other original-cohort subgroups remain in their separately recorded positions.,,G09,,False,False,False,
R32,P08,2,Hesitating core passers,{},0,"[-10.5, 50]",REFINEMENT last two core passers outside west roof frontage,"[-10.5, 50]",Saw the attack but has not chosen a response to conflicting calls.,B1,B1,Saw the enclosure from this outdoor position as it formed/darkened; no physical properties tested.,Alarmed; urgent but locally informed,FREEZE / DELAY,"Pause near the warning neighbour, deciding whether to help or leave.",,,0.0,0,Existing subgroup only; no unnamed additions.,Other original-cohort subgroups remain in their separately recorded positions.,,,,False,False,False,
R33,P08,2,M04 water carriers,"{""M04"": 2}",0,"[-18, 35]",Step2B O_M04 exact terminal position,"[-17, 35.6]","Directly witnessed Bone kill the assistant at +45. Lost his position after he left. Recognizes the Witch as a neighbour, not as culprit or someone immune to attack.",B1,B1,Saw the enclosure from this outdoor position as it formed/darkened; no physical properties tested.,Alarmed; urgent but locally informed,HELP,Take one cautious step toward the calm familiar householder and call for help.,95,105,1.166,0.117,Existing subgroup only; no unnamed additions.,Other original-cohort subgroups remain in their separately recorded positions.,Calls to the Witch; no answer or healing occurs,G09,,False,True,False,
R34,P09,2,Porch patrons helping,{},0,"[1.4, 42]",T1 R05 terminal; two of the four porch customers,"[8, 51.5]",Personally saw the strike from the porch and can hear the nearby injured.,B1,B1,Saw the enclosure from this outdoor position as it formed/darkened; no physical properties tested.,Alarmed; urgent but locally informed,HELP,Skirt the north/east tavern edge and begin helping at the injured group.,93,105,15.408,1.284,Existing subgroup only; no unnamed additions.,Other original-cohort subgroups remain in their separately recorded positions.,"R22; two additional hands arriving by +105, no completed carry",G01,,False,False,False,
R35,P08,3,Earlier passers in old-quarter passage,{},0,"[22.595337642065502, 40.79786922579858]","T1 N03 end +39; still P08, not added to P10","[26.096043272302808, 36.02891198285212]",Hears nearby warnings and public crash through the quarter; has no current Bone view.,B1,B1,Saw the enclosure from this outdoor position as it formed/darkened; no physical properties tested.,Alarmed; urgent but locally informed,SEEK FAMILY,Continue a short way down the familiar passage toward home.,95,105,6.0,0.6,Existing subgroup only; no unnamed additions.,Other original-cohort subgroups remain in their separately recorded positions.,,G05,A passage group moving between houses; distant/occluded from Bone.,False,False,False,
R36,P09,2,Porch patrons seeking family,{},0,"[1.4, 42]",T1 R05 terminal; other two porch customers,"[11, 44]",Directly witnessed first strike; prefers family over strangers rescue.,B1,B1,Saw the enclosure from this outdoor position as it formed/darkened; no physical properties tested.,Alarmed; urgent but locally informed,SEEK FAMILY,Begin around the north tavern frontage toward the eastern home lanes.,94,105,9.838,0.894,Existing subgroup only; no unnamed additions.,Other original-cohort subgroups remain in their separately recorded positions.,,G07,,False,False,False,
R37,P09,3,Indoor patrons wanting to leave,{},0,"[4, 37]","REFINEMENT three of six indoor customers, within tavern interior","[4, 37]",Warnings plus disappearing window light; no direct view of Blood or exact attack capabilities.,B0,B0,"Only abnormal window light, panic sounds and incomplete nearby warnings; no clear enclosing-rim view is established.",Alarmed; urgent but locally informed,SEEK FAMILY,Start organizing to leave through a familiar door for home; hold at the interior-side queue in this slice.,,,0.0,0,Existing subgroup only; no unnamed additions.,Other original-cohort subgroups remain in their separately recorded positions.,,G08,,False,False,False,
R38,P09,4,Indoor patrons and one staff,{},0,"[7, 33]",REFINEMENT other three indoor customers plus the one indoor staff,"[7, 33]",Heard partial outdoor warnings and saw windows darken; no monster tracking.,B0,B0,"Only abnormal window light, panic sounds and incomplete nearby warnings; no clear enclosing-rim view is established.",Frightened; seeking familiar protection,SEEK SHELTER,Stay inside together and ask those at the door what is happening.,,,0.0,0,Existing subgroup only; no unnamed additions.,Other original-cohort subgroups remain in their separately recorded positions.,,,,False,False,False,
R39,P09,3,M06 receiving staff and delivery,"{""M06"": 3}",0,"[14.1, 30]",T0 M06 unchanged by T1 / Step2B; two staff plus one delivery hand,"[14.1, 30]","Heard violent crash and close screams, but the roof hid the actual strike. Does not know whether inside is safe.",B1,B1,Saw the enclosure from this outdoor position as it formed/darkened; no physical properties tested.,Alarmed; urgent but locally informed,HELP,Remain at the service-side threshold; call into the tavern and offer to bring people in.,,,0.0,0,Existing subgroup only; no unnamed additions.,Other original-cohort subgroups remain in their separately recorded positions.,Immediate service-side warning/support only; no new arrivals or completed refuge,G08,,False,False,False,
R40,P10,4,CrookedCottage indoor household,{},0,"[37.62248458949683, 33.04321460135457]",REFINEMENT within one of five assigned older-house interiors,"[37.62248458949683, 33.04321460135457]",Catastrophic darkness and nearby calls; no direct identification or current position of either attacker.,B0,B0,"Only abnormal window light, panic sounds and incomplete nearby warnings; no clear enclosing-rim view is established.",Frightened; seeking familiar protection,SEEK SHELTER,Keep household together indoors; seek immediate familiar cover.,,,0.0,0,Existing subgroup only; no unnamed additions.,Other original-cohort subgroups remain in their separately recorded positions.,,,,False,False,False,
R41,P10,4,Cottage_01 indoor household,{},0,"[20.27965221380489, 36.893105540212346]",REFINEMENT within one of five assigned older-house interiors,"[20.27965221380489, 36.893105540212346]",Catastrophic darkness and nearby calls; no direct identification or current position of either attacker.,B0,B0,"Only abnormal window light, panic sounds and incomplete nearby warnings; no clear enclosing-rim view is established.",Frightened; seeking familiar protection,SEEK SHELTER,Keep household together indoors; seek immediate familiar cover.,,,0.0,0,Existing subgroup only; no unnamed additions.,Other original-cohort subgroups remain in their separately recorded positions.,,,,False,False,False,
R42,P10,2,Cottage_06 indoor household,{},0,"[24.515647050656685, 24.465429714281115]",REFINEMENT within one of five assigned older-house interiors,"[24.515647050656685, 24.465429714281115]",Catastrophic darkness and nearby calls; no direct identification or current position of either attacker.,B0,B0,"Only abnormal window light, panic sounds and incomplete nearby warnings; no clear enclosing-rim view is established.",Frightened; seeking familiar protection,SEEK SHELTER,Keep household together indoors; seek immediate familiar cover.,,,0.0,0,Existing subgroup only; no unnamed additions.,Other original-cohort subgroups remain in their separately recorded positions.,,,,False,False,False,
R43,P10,2,Cottage_07 indoor household,{},0,"[37.80250029662195, 46.73107441796052]",REFINEMENT within one of five assigned older-house interiors,"[37.80250029662195, 46.73107441796052]",Catastrophic darkness and nearby calls; no direct identification or current position of either attacker.,B0,B0,"Only abnormal window light, panic sounds and incomplete nearby warnings; no clear enclosing-rim view is established.",Frightened; seeking familiar protection,SEEK SHELTER,Keep household together indoors; seek immediate familiar cover.,,,0.0,0,Existing subgroup only; no unnamed additions.,Other original-cohort subgroups remain in their separately recorded positions.,,,,False,False,False,
R44,P10,2,Cottage_12 indoor household,{},0,"[26.73205604889141, 42.37008607615638]",REFINEMENT within one of five assigned older-house interiors,"[26.73205604889141, 42.37008607615638]",Catastrophic darkness and nearby calls; no direct identification or current position of either attacker.,B0,B0,"Only abnormal window light, panic sounds and incomplete nearby warnings; no clear enclosing-rim view is established.",Frightened; seeking familiar protection,SEEK SHELTER,Keep household together indoors; seek immediate familiar cover.,,,0.0,0,Existing subgroup only; no unnamed additions.,Other original-cohort subgroups remain in their separately recorded positions.,,,,False,False,False,
R45,P10,2,M08 shared-yard neighbours,"{""M08"": 2}",0,"[29.7, 32]",T0 M08 anchor unchanged,"[29.7, 32]",Heard public crash and local warnings; lacks exact attacker positions.,B1,B1,Saw the enclosure from this outdoor position as it formed/darkened; no physical properties tested.,Alarmed; urgent but locally informed,SEEK FAMILY,Turn to their nearby houses and call through the yard; hold before choosing a doorway.,,,0.0,0,Existing subgroup only; no unnamed additions.,Other original-cohort subgroups remain in their separately recorded positions.,,,,False,False,False,
R46,P10,5,M09 caregiver and four children,"{""M09"": 5}",0,"[37.7, 51.9]",T1 R04 end +59,"[37.7, 51.9]","Potential view/hearing of public strike; children know danger, not monster identities.",B1,B1,Saw the enclosure from this outdoor position as it formed/darkened; no physical properties tested.,Alarmed; urgent but locally informed,SEEK FAMILY,Keep the children close and begin organizing return through their own nearby frontage; no blind sprint.,,,0.0,0,Existing subgroup only; no unnamed additions.,Other original-cohort subgroups remain in their separately recorded positions.,,,Children and a protecting caregiver in an east yard; far from Bone with intervening houses.,False,False,False,
R47,P10,1,Other older-yard resident,{},0,"[30, 34]","REFINEMENT eighth shared-yard occupant, separate from M08 and M09","[30, 34]",Catastrophic darkness and nearby calls; no direct identification or current position of either attacker.,B1,B1,Saw the enclosure from this outdoor position as it formed/darkened; no physical properties tested.,Alarmed; urgent but locally informed,HELP,Warn the next household from the yard without starting a distant journey.,,,0.0,0,Existing subgroup only; no unnamed additions.,Other original-cohort subgroups remain in their separately recorded positions.,"Nearby older-house occupants, incomplete warning only",,,False,False,False,
R48,P10,2,Two old-quarter alley users,{},0,"[25, 36.5]",REFINEMENT two T0 alley users in the existing passage gap,"[26, 36]",Sees people moving purposefully and hears local danger calls; assumes they know a way home.,B1,B1,Saw the enclosure from this outdoor position as it formed/darkened; no physical properties tested.,Alarmed; urgent but locally informed,FOLLOW OTHERS,Begin moving with the three familiar passers already coming through the passage.,95,105,1.118,0.112,"R35 three P08-origin passers, all still separately counted.",Other original-cohort subgroups remain in their separately recorded positions.,,G05,Five people beginning to thread an alley; no Bone attention change.,False,False,False,
R49,P11,2,CrushedHome interior pair,{},0,"[-27.88307244680624, 61.19427883797796]",REFINEMENT two people per assigned western household; total fourteen indoors,"[-27.88307244680624, 61.19427883797796]",Catastrophic darkness and nearby calls; no direct identification or current position of either attacker.,B0,B0,"Only abnormal window light, panic sounds and incomplete nearby warnings; no clear enclosing-rim view is established.",Frightened; seeking familiar protection,SEEK SHELTER,"Remain at home, bring the household close and listen.",,,0.0,0,Existing subgroup only; no unnamed additions.,Other original-cohort subgroups remain in their separately recorded positions.,,,,False,False,False,
R50,P11,2,RearCottage interior pair,{},0,"[-45.3496550612422, 62.592764474378114]",REFINEMENT two people per assigned western household; total fourteen indoors,"[-45.3496550612422, 62.592764474378114]",Catastrophic darkness and nearby calls; no direct identification or current position of either attacker.,B0,B0,"Only abnormal window light, panic sounds and incomplete nearby warnings; no clear enclosing-rim view is established.",Frightened; seeking familiar protection,SEEK SHELTER,"Remain at home, bring the household close and listen.",,,0.0,0,Existing subgroup only; no unnamed additions.,Other original-cohort subgroups remain in their separately recorded positions.,,,,False,False,False,
R51,P11,2,EndRowCottage interior pair,{},0,"[-48.817499959784996, 77.13793811959616]",REFINEMENT two people per assigned western household; total fourteen indoors,"[-48.817499959784996, 77.13793811959616]",Catastrophic darkness and nearby calls; no direct identification or current position of either attacker.,B0,B0,"Only abnormal window light, panic sounds and incomplete nearby warnings; no clear enclosing-rim view is established.",Frightened; seeking familiar protection,SEEK SHELTER,"Remain at home, bring the household close and listen.",,,0.0,0,Existing subgroup only; no unnamed additions.,Other original-cohort subgroups remain in their separately recorded positions.,,,,False,False,False,
R52,P11,2,WeaverCottage interior pair,{},0,"[-41.232134381598044, 38.28402912726026]",REFINEMENT two people per assigned western household; total fourteen indoors,"[-41.232134381598044, 38.28402912726026]",Catastrophic darkness and nearby calls; no direct identification or current position of either attacker.,B0,B0,"Only abnormal window light, panic sounds and incomplete nearby warnings; no clear enclosing-rim view is established.",Frightened; seeking familiar protection,SEEK SHELTER,"Remain at home, bring the household close and listen.",,,0.0,0,Existing subgroup only; no unnamed additions.,Other original-cohort subgroups remain in their separately recorded positions.,,,,False,False,False,
R53,P11,2,Cottage_02 interior pair,{},0,"[-14.260708779836456, 58.04842827233592]",REFINEMENT two people per assigned western household; total fourteen indoors,"[-14.260708779836456, 58.04842827233592]",Catastrophic darkness and nearby calls; no direct identification or current position of either attacker.,B0,B0,"Only abnormal window light, panic sounds and incomplete nearby warnings; no clear enclosing-rim view is established.",Frightened; seeking familiar protection,SEEK SHELTER,"Remain at home, bring the household close and listen.",,,0.0,0,Existing subgroup only; no unnamed additions.,Other original-cohort subgroups remain in their separately recorded positions.,,,,False,False,False,
R54,P11,2,Cottage_05 interior pair,{},0,"[-37.899308185831046, 50.76175294041746]",REFINEMENT two people per assigned western household; total fourteen indoors,"[-37.899308185831046, 50.76175294041746]",Catastrophic darkness and nearby calls; no direct identification or current position of either attacker.,B0,B0,"Only abnormal window light, panic sounds and incomplete nearby warnings; no clear enclosing-rim view is established.",Frightened; seeking familiar protection,SEEK SHELTER,"Remain at home, bring the household close and listen.",,,0.0,0,Existing subgroup only; no unnamed additions.,Other original-cohort subgroups remain in their separately recorded positions.,,,,False,False,False,
R55,P11,2,Cottage_10 interior pair,{},0,"[-28.70080697669929, 47.735625027594516]",REFINEMENT two people per assigned western household; total fourteen indoors,"[-28.70080697669929, 47.735625027594516]",Catastrophic darkness and nearby calls; no direct identification or current position of either attacker.,B0,B0,"Only abnormal window light, panic sounds and incomplete nearby warnings; no clear enclosing-rim view is established.",Frightened; seeking familiar protection,SEEK SHELTER,"Remain at home, bring the household close and listen.",,,0.0,0,Existing subgroup only; no unnamed additions.,Other original-cohort subgroups remain in their separately recorded positions.,,,,False,False,False,
R56,P11,1,M10 firewood carrier,"{""M10"": 1}",0,"[-22, 58.4]",T0 M10 unchanged,"[-22, 58.4]",Heard public crash and western calls; cannot track either attacker.,B1,B1,Saw the enclosure from this outdoor position as it formed/darkened; no physical properties tested.,Alarmed; urgent but locally informed,SEEK FAMILY,Call to the own-house occupants from the stack; stay at the frontage.,,,0.0,0,Existing subgroup only; no unnamed additions.,Other original-cohort subgroups remain in their separately recorded positions.,,,,False,False,False,
R57,P11,2,Western yard warning pair,{},0,"[-35, 58]",REFINEMENT two more of six western yard occupants in inter-house gap,"[-35, 58]",Saw the western sheet and heard the forest crew warning plus crash.,B1,B1,Saw the enclosure from this outdoor position as it formed/darkened; no physical properties tested.,Alarmed; urgent but locally informed,HELP,"Call to the two nearest homes, remaining in the gap.",,,0.0,0,Existing subgroup only; no unnamed additions.,Other original-cohort subgroups remain in their separately recorded positions.,"R49/R50 household vicinity, no village-wide broadcast",,,False,False,False,
R58,P11,3,Western yard escape group,{},0,"[-53.5, 63.5]",REFINEMENT last three of six yard occupants beside Croft Lane working-trail junction,"[-62, 65.15]",Nearby returning crew reported a continuous sheet across the familiar woodland path. Does not know it is solid or lethal.,B2,B2,"Local report of the observed enclosure and direct sheet view supports suspicion, not a crossing result.",Alarmed; urgent but locally informed,ESCAPE,Begin west along the familiar working trail; escape is still an untested possibility.,95,105,8.797,0.88,Existing subgroup only; no unnamed additions.,Other original-cohort subgroups remain in their separately recorded positions.,,G10,,True,False,False,
R59,P11,2,Western between-house walkers,{},0,"[-35, 72]",REFINEMENT two ordinary moving residents on the upper Croft Lane margin,"[-38, 72]","Outdoor crash/warnings and darkening, not remote attacker knowledge.",B1,B1,Saw the enclosure from this outdoor position as it formed/darkened; no physical properties tested.,Alarmed; urgent but locally informed,SEEK FAMILY,Begin toward the nearer western household frontage.,95,105,3.0,0.3,Existing subgroup only; no unnamed additions.,Other original-cohort subgroups remain in their separately recorded positions.,,,,False,False,False,
R60,P12,2,AbandonedCottage interior pair,{},0,"[-11.770161950686402, 71.75979490611692]",REFINEMENT two occupants per five assigned upper/middle interiors,"[-11.770161950686402, 71.75979490611692]",Only upper-house environmental change and distant panic; neither attacker directly seen.,B0,B0,"Only abnormal window light, panic sounds and incomplete nearby warnings; no clear enclosing-rim view is established.",Frightened; seeking familiar protection,SEEK SHELTER,Hold inside and listen for someone with a clearer account.,,,0.0,0,Existing subgroup only; no unnamed additions.,Other original-cohort subgroups remain in their separately recorded positions.,,,,False,False,False,
R61,P12,2,UpperCottage interior pair,{},0,"[-10.564044664642587, 91.48448793274292]",REFINEMENT two occupants per five assigned upper/middle interiors,"[-10.564044664642587, 91.48448793274292]",Only upper-house environmental change and distant panic; neither attacker directly seen.,B0,B0,"Only abnormal window light, panic sounds and incomplete nearby warnings; no clear enclosing-rim view is established.",Frightened; seeking familiar protection,SEEK SHELTER,Hold inside and listen for someone with a clearer account.,,,0.0,0,Existing subgroup only; no unnamed additions.,Other original-cohort subgroups remain in their separately recorded positions.,,,,False,False,False,
R62,P12,2,SealedCellarCottage interior pair,{},0,"[-42.56494839082513, 95.80799058682935]",REFINEMENT two occupants per five assigned upper/middle interiors,"[-42.56494839082513, 95.80799058682935]",Only upper-house environmental change and distant panic; neither attacker directly seen.,B0,B0,"Only abnormal window light, panic sounds and incomplete nearby warnings; no clear enclosing-rim view is established.",Frightened; seeking familiar protection,SEEK SHELTER,Hold inside and listen for someone with a clearer account.,,,0.0,0,Existing subgroup only; no unnamed additions.,Other original-cohort subgroups remain in their separately recorded positions.,,,,False,False,False,
R63,P12,2,Cottage_03 interior pair,{},0,"[1.805349113823439, 88.76703122568291]",REFINEMENT two occupants per five assigned upper/middle interiors,"[1.805349113823439, 88.76703122568291]",Only upper-house environmental change and distant panic; neither attacker directly seen.,B0,B0,"Only abnormal window light, panic sounds and incomplete nearby warnings; no clear enclosing-rim view is established.",Frightened; seeking familiar protection,SEEK SHELTER,Hold inside and listen for someone with a clearer account.,,,0.0,0,Existing subgroup only; no unnamed additions.,Other original-cohort subgroups remain in their separately recorded positions.,,,,False,False,False,
R64,P12,2,Cottage_11 interior pair,{},0,"[7.287964464667403, 70.89099528457265]",REFINEMENT two occupants per five assigned upper/middle interiors,"[7.287964464667403, 70.89099528457265]",Only upper-house environmental change and distant panic; neither attacker directly seen.,B0,B0,"Only abnormal window light, panic sounds and incomplete nearby warnings; no clear enclosing-rim view is established.",Frightened; seeking familiar protection,SEEK SHELTER,Hold inside and listen for someone with a clearer account.,,,0.0,0,Existing subgroup only; no unnamed additions.,Other original-cohort subgroups remain in their separately recorded positions.,,,,False,False,False,
R65,P12,3,Upper-yard authority seekers,{},0,"[-4, 97.8]",REFINEMENT three upper-yard occupants in the existing shared upper approach space,"[-2.7, 104]","Distant public noise and visible enclosure; guards are a known local authority, not a proven supernatural defence.",B1,B1,Saw the enclosure from this outdoor position as it formed/darkened; no physical properties tested.,Alarmed; urgent but locally informed,SEEK AUTHORITY,Begin toward the formal stair approach to ask the guards for protection.,95,105,6.401,0.64,Existing subgroup only; no unnamed additions.,Other original-cohort subgroups remain in their separately recorded positions.,,G11,,False,False,True,
R66,P12,1,Ordinary upper homeward resident,{},0,"[-18.995464369040974, 96.90336720470583]",T1 N12 end +55,"[-16.7, 96.5]",Heard unusual lower sounds then blackout; no exact threat location.,B1,B1,Saw the enclosure from this outdoor position as it formed/darkened; no physical properties tested.,Alarmed; urgent but locally informed,SEEK FAMILY,Start toward the adjacent upper home frontage; stop before entering.,95,105,2.331,0.233,Existing subgroup only; no unnamed additions.,Other original-cohort subgroups remain in their separately recorded positions.,,,,False,False,False,
R67,P13,1,M13 church caretaker,"{""M13"": 1}",0,"[23.5, 83.7]",T0 M13 church public threshold unchanged,"[23.5, 83.7]",Potential downhill sight/hearing of public attack; no evidence the church provides supernatural safety.,B1,B1,Saw the enclosure from this outdoor position as it formed/darkened; no physical properties tested.,Alarmed; urgent but locally informed,HELP,"Hold the public gate/approach, call to anyone nearby and intend to admit people.",,,0.0,0,Existing subgroup only; no unnamed additions.,Other original-cohort subgroups remain in their separately recorded positions.,Offers refuge if someone arrives; nobody arrives in this window. No bell is rung.,,,False,False,False,
R68,P14,2,SplitRoofCottage interior pair,{},0,"[55.19936134675863, 52.90877321473297]","REFINEMENT four eastern-edge indoor occupants, two per assigned home","[55.19936134675863, 52.90877321473297]",Blackout and partial warnings; no direct monster or whole-rim view.,B0,B0,"Only abnormal window light, panic sounds and incomplete nearby warnings; no clear enclosing-rim view is established.",Frightened; seeking familiar protection,SEEK SHELTER,Keep together inside and listen to nearby yard calls.,,,0.0,0,Existing subgroup only; no unnamed additions.,Other original-cohort subgroups remain in their separately recorded positions.,,,,False,False,False,
R69,P14,2,Cottage_08 interior pair,{},0,"[50.50795002114778, 74.0386999582112]","REFINEMENT four eastern-edge indoor occupants, two per assigned home","[50.50795002114778, 74.0386999582112]",Blackout and partial warnings; no direct monster or whole-rim view.,B0,B0,"Only abnormal window light, panic sounds and incomplete nearby warnings; no clear enclosing-rim view is established.",Frightened; seeking familiar protection,SEEK SHELTER,Keep together inside and listen to nearby yard calls.,,,0.0,0,Existing subgroup only; no unnamed additions.,Other original-cohort subgroups remain in their separately recorded positions.,,,,False,False,False,
R70,P14,2,Eastern animal-yard pair,{},0,"[58.5, 62]",REFINEMENT two of three eastern yard occupants between assigned cottages,"[62.5, 62]",Sees the nearby eastern sheet; properties unknown.,B1,B1,Saw the enclosure from this outdoor position as it formed/darkened; no physical properties tested.,Alarmed; urgent but locally informed,ESCAPE,"Begin east from the yard toward the familiar woodland edge, stopping short of the rim.",95,105,4.0,0.4,Existing subgroup only; no unnamed additions.,Other original-cohort subgroups remain in their separately recorded positions.,,,,True,False,False,
R71,P14,1,Eastern warning resident,{},0,"[53, 65]",REFINEMENT third eastern yard occupant at Cottage_08 south access,"[53, 65]","Saw local reactions by the open lane, not either attacker current location.",B1,B1,Saw the enclosure from this outdoor position as it formed/darkened; no physical properties tested.,Alarmed; urgent but locally informed,HELP,Call into the nearby cottage rather than run immediately.,,,0.0,0,Existing subgroup only; no unnamed additions.,Other original-cohort subgroups remain in their separately recorded positions.,"R69 immediate household, warning only",,,False,False,False,
R72,P15,3,M11 returning forest crew,"{""M11"": 3}",0,"[-47.00881055535887, 70.31556044675717]",T1 N06 end +16; crew already reached western yards,"[-54.43808159013606, 63.8473507665139]",Already visually suspects confinement; still lacks a test of whether the sheet can be crossed.,B2,B2,Previously inferred enclosure at +60 from a continuous sheet cutting across a familiar route plus the canopy; confinement remains a suspicion.,Alarmed; urgent but locally informed,ESCAPE,"Reverse along Croft Lane toward the known working trail, intending the forest.",95,105,10.0,1.0,Existing subgroup only; no unnamed additions.,Other original-cohort subgroups remain in their separately recorded positions.,,G10,,True,False,False,
R73,P16,1,Mayor,{},0,"[2, 146]","REFINEMENT approved Mayor indoor role, centre of MayorHall","[2, 146]",Dark windows and distant alarm; no direct attack witness or message identifying the Witch.,B0,B0,"Only abnormal window light, panic sounds and incomplete nearby warnings; no clear enclosing-rim view is established.",Alarmed and demanding information; fate unassigned,FREEZE / DELAY,Stay inside and demand a report from the house-duty guard.,,,0.0,0,Existing subgroup only; no unnamed additions.,Other original-cohort subgroups remain in their separately recorded positions.,,,,False,False,False,
R74,P16,1,Entrance guard,{},0,"[2, 125.5]",REFINEMENT existing controlled entrance duty; the one guard already trapped-aware by inference,"[2, 125.5]",Saw continuous rim/canopy; suspects confinement. Does not know who caused it or that the Witch is approaching.,B2,B2,Previously inferred enclosure at +60 from a continuous sheet cutting across a familiar route plus the canopy; confinement remains a suspicion.,Alarmed; urgent but locally informed,HELP,Hold the gate and call uphill for the house to be warned; watch the staircase.,,,0.0,0,Existing subgroup only; no unnamed additions.,Other original-cohort subgroups remain in their separately recorded positions.,Starts relaying visible enclosure concern toward the estate; no direct report reaches the Mayor yet,,,False,False,False,
R75,P16,1,Service-side guard,{},0,"[-21, 131.5]","REFINEMENT existing service-access duty, second outside guard","[-14, 132]","Saw unnatural enclosure and heard distant panic, without confirming any crossing failure.",B1,B1,Saw the enclosure from this outdoor position as it formed/darkened; no physical properties tested.,Alarmed; urgent but locally informed,HELP,Begin toward the courtyard/house frontage to obtain instructions.,95,105,7.041,0.704,Existing subgroup only; no unnamed additions.,Other original-cohort subgroups remain in their separately recorded positions.,Intends to report to house; does not reach Mayor in this slice,,,False,False,False,
R76,P16,1,House-duty guard,{},0,"[2, 141]","REFINEMENT third guard, indoor house-duty allocation","[2, 141]",Same abnormal windows and distant noise as indoors; no direct monster/barrier properties report.,B0,B0,"Only abnormal window light, panic sounds and incomplete nearby warnings; no clear enclosing-rim view is established.",Alarmed; urgent but locally informed,HELP,"Stay near the Mayor, ask what was seen and prepare to investigate; no departure yet.",,,0.0,0,Existing subgroup only; no unnamed additions.,Other original-cohort subgroups remain in their separately recorded positions.,Receives Mayor request locally; no omniscient response,,,False,False,False,
R77,P16,3,Indoor estate staff,{},0,"[10, 145]",REFINEMENT three of four resident staff indoors; preserves five indoor estate occupants total,"[10, 145]","Only window blackout and alarm, no direct outside report delivered.",B0,B0,"Only abnormal window light, panic sounds and incomplete nearby warnings; no clear enclosing-rim view is established.",Frightened; seeking familiar protection,SEEK SHELTER,"Keep together in familiar service rooms, listening for instructions.",,,0.0,0,Existing subgroup only; no unnamed additions.,Other original-cohort subgroups remain in their separately recorded positions.,,,,False,False,False,
R78,P16,1,Outside stable/service worker,{},0,"[-16, 134]","REFINEMENT fourth staff member, exterior stable/service apron","[-16, 134]",Sees the red enclosure; does not know if road or buildings are safer.,B1,B1,Saw the enclosure from this outdoor position as it formed/darkened; no physical properties tested.,Frightened; seeking familiar protection,SEEK SHELTER,Remain by the service frontage intending nearby stable cover; no completed entry.,,,0.0,0,Existing subgroup only; no unnamed additions.,Other original-cohort subgroups remain in their separately recorded positions.,,,,False,False,False,
R79,P17,2,M12 provisions cart crew,"{""M12"": 2}",0,"[-41.33943261627502, 155.59528725184182]",T1 N07 end +35; cart still on western switchback,"[-36.56045688759115, 163.04421319838252]",Saw sheet/canopy across the outer approach and suspects confinement. No attack or crossing test witnessed.,B2,B2,Previously inferred enclosure at +60 from a continuous sheet cutting across a familiar route plus the canopy; confinement remains a suspicion.,Alarmed; urgent but locally informed,SEEK AUTHORITY,Start the cart a short way toward estate service access to ask guards what to do.,96,105,9.0,1.0,Existing subgroup only; no unnamed additions.,Other original-cohort subgroups remain in their separately recorded positions.,,,,False,False,True,
